{
    "id": "9f6502e0-5673-4dd7-9149-cad193d86422",
    "filename": "ICPR Application.pdf",
    "date": "2024-09-27T21:10:29.519738",
    "data": "{\"structured_data\": {\"entities\": [{\"text\": \"The Dean, Research &amp; Development\", \"label\": \"ORG\"}, {\"text\": \"Rajiv Gandhi Institute of Petroleum Technology  \", \"label\": \"ORG\"}, {\"text\": \"The Head of Department\", \"label\": \"WORK_OF_ART\"}, {\"text\": \"Convener\", \"label\": \"ORG\"}, {\"text\": \"Departmental Undergraduate  Committee\", \"label\": \"ORG\"}, {\"text\": \"Computer Science Department\", \"label\": \"ORG\"}, {\"text\": \"August 2024\", \"label\": \"DATE\"}, {\"text\": \"27th\", \"label\": \"ORDINAL\"}, {\"text\": \"ICPR\", \"label\": \"ORG\"}, {\"text\": \"December 1st\", \"label\": \"DATE\"}, {\"text\": \"5th\", \"label\": \"ORDINAL\"}, {\"text\": \"2024\", \"label\": \"DATE\"}, {\"text\": \"37,600\", \"label\": \"MONEY\"}, {\"text\": \"the next week\", \"label\": \"DATE\"}, {\"text\": \"Ref\", \"label\": \"PERSON\"}, {\"text\": \"25,000\", \"label\": \"MONEY\"}, {\"text\": \"1\", \"label\": \"CARDINAL\"}, {\"text\": \"27th\", \"label\": \"ORDINAL\"}, {\"text\": \"2\", \"label\": \"CARDINAL\"}, {\"text\": \"3\", \"label\": \"CARDINAL\"}, {\"text\": \"Ref\", \"label\": \"PERSON\"}, {\"text\": \"Pathikreet Chowdhury\", \"label\": \"PERSON\"}], \"sentences\": [\"To The Dean, Research &amp; Development   Rajiv Gandhi Institute of Petroleum Technology  Through:   The Head of Department   The Convener , Departmental Undergraduate  Committee (DUGC)   Computer Science Department  23rd , August 2024   Subject: Application for Reimbursement of Registration Fee for 27th ICPR Conference   Respected Sir,   I am pleased to inform you that my research paper has been accepted for presentation at the 27th International Conference on Pattern Recognition (ICPR).\", \"The conference will be held from December 1st to 5th 2024, and the  student registration fee for participation is \\u20b9 37,600 which needs to be completed by the next week.   \", \"As per the institute's notification Ref No: RGIPT-JAIS/R&amp;D/2021-22/13, which allows reimbursement of registration fees for international conferences, I kindly request your approval to reimburse the amount of \\u20b925,000 for this purpose.   \", \"Attached herewith are the following documents for your reference:  1.\", \"The acceptance email from the 27th ICPR conference.  \", \"2.\", \"The registration fee webpage for the conference.  \", \"3.\", \"A copy of the notification Ref No: RGIPT-JAIS/R&amp;D/2021 -22/13 regarding reimbursement for international conferences.   \", \"I am looking forward to your kind consideration and approval of my request.   \", \"Thank you for your continuous support and encouragement.   \", \"Yours sincerely,   Pathikreet Chowdhury  21cs2026  Computer Science Department .   \"], \"keywords\": [\"amount\", \"I\", \"application\", \"approval\", \"support\", \"Department\", \"ICPR\", \"23rd\", \"copy\", \"reference\", \"\\u20b9\", \"your\", \"webpage\", \"Committee\", \"Through\", \"Reimbursement\", \"presentation\", \"DUGC\", \"you\", \"Fee\", \"Conference\", \"fee\", \"email\", \"notification\", \"encouragement\", \"purpose\", \"Institute\", \"participation\", \"Convener\", \"R&amp;D/2021\", \"which\", \"r&amp;d/2021\", \"document\", \"paper\", \"Recognition\", \"consideration\", \"conference\", \"request\", \"Head\", \"Technology\", \"Sir\", \"reimbursement\", \"1st\", \"week\"], \"word_count\": 268, \"sentence_count\": 12}, \"analytics\": {\"word_count\": 268, \"sentence_count\": 12, \"average_sentence_length\": 22.33, \"entity_count\": 22, \"keyword_count\": 44, \"most_common_entities\": [[\"ORG\", 6], [\"DATE\", 4], [\"ORDINAL\", 3], [\"PERSON\", 3], [\"CARDINAL\", 3]], \"most_common_words\": [[\"conference\", 5], [\"registration\", 4], [\"department\", 3], [\"reimbursement\", 3], [\"fee\", 3], [\"icpr\", 3], [\"international\", 3], [\"research\", 2], [\"institute\", 2], [\"computer\", 2]]}, \"json_output\": \"{\\n  \\\"structured_data\\\": {\\n    \\\"entities\\\": [\\n      {\\n        \\\"text\\\": \\\"The Dean, Research &amp; Development\\\",\\n        \\\"label\\\": \\\"ORG\\\"\\n      },\\n      {\\n        \\\"text\\\": \\\"Rajiv Gandhi Institute of Petroleum Technology  \\\",\\n        \\\"label\\\": \\\"ORG\\\"\\n      },\\n      {\\n        \\\"text\\\": \\\"The Head of Department\\\",\\n        \\\"label\\\": \\\"WORK_OF_ART\\\"\\n      },\\n      {\\n        \\\"text\\\": \\\"Convener\\\",\\n        \\\"label\\\": \\\"ORG\\\"\\n      },\\n      {\\n        \\\"text\\\": \\\"Departmental Undergraduate  Committee\\\",\\n        \\\"label\\\": \\\"ORG\\\"\\n      },\\n      {\\n        \\\"text\\\": \\\"Computer Science Department\\\",\\n        \\\"label\\\": \\\"ORG\\\"\\n      },\\n      {\\n        \\\"text\\\": \\\"August 2024\\\",\\n        \\\"label\\\": \\\"DATE\\\"\\n      },\\n      {\\n        \\\"text\\\": \\\"27th\\\",\\n        \\\"label\\\": \\\"ORDINAL\\\"\\n      },\\n      {\\n        \\\"text\\\": \\\"ICPR\\\",\\n        \\\"label\\\": \\\"ORG\\\"\\n      },\\n      {\\n        \\\"text\\\": \\\"December 1st\\\",\\n        \\\"label\\\": \\\"DATE\\\"\\n      },\\n      {\\n        \\\"text\\\": \\\"5th\\\",\\n        \\\"label\\\": \\\"ORDINAL\\\"\\n      },\\n      {\\n        \\\"text\\\": \\\"2024\\\",\\n        \\\"label\\\": \\\"DATE\\\"\\n      },\\n      {\\n        \\\"text\\\": \\\"37,600\\\",\\n        \\\"label\\\": \\\"MONEY\\\"\\n      },\\n      {\\n        \\\"text\\\": \\\"the next week\\\",\\n        \\\"label\\\": \\\"DATE\\\"\\n      },\\n      {\\n        \\\"text\\\": \\\"Ref\\\",\\n        \\\"label\\\": \\\"PERSON\\\"\\n      },\\n      {\\n        \\\"text\\\": \\\"25,000\\\",\\n        \\\"label\\\": \\\"MONEY\\\"\\n      },\\n      {\\n        \\\"text\\\": \\\"1\\\",\\n        \\\"label\\\": \\\"CARDINAL\\\"\\n      },\\n      {\\n        \\\"text\\\": \\\"27th\\\",\\n        \\\"label\\\": \\\"ORDINAL\\\"\\n      },\\n      {\\n        \\\"text\\\": \\\"2\\\",\\n        \\\"label\\\": \\\"CARDINAL\\\"\\n      },\\n      {\\n        \\\"text\\\": \\\"3\\\",\\n        \\\"label\\\": \\\"CARDINAL\\\"\\n      },\\n      {\\n        \\\"text\\\": \\\"Ref\\\",\\n        \\\"label\\\": \\\"PERSON\\\"\\n      },\\n      {\\n        \\\"text\\\": \\\"Pathikreet Chowdhury\\\",\\n        \\\"label\\\": \\\"PERSON\\\"\\n      }\\n    ],\\n    \\\"sentences\\\": [\\n      \\\"To The Dean, Research &amp; Development   Rajiv Gandhi Institute of Petroleum Technology  Through:   The Head of Department   The Convener , Departmental Undergraduate  Committee (DUGC)   Computer Science Department  23rd , August 2024   Subject: Application for Reimbursement of Registration Fee for 27th ICPR Conference   Respected Sir,   I am pleased to inform you that my research paper has been accepted for presentation at the 27th International Conference on Pattern Recognition (ICPR).\\\",\\n      \\\"The conference will be held from December 1st to 5th 2024, and the  student registration fee for participation is \\u20b9 37,600 which needs to be completed by the next week.   \\\",\\n      \\\"As per the institute's notification Ref No: RGIPT-JAIS/R&amp;D/2021-22/13, which allows reimbursement of registration fees for international conferences, I kindly request your approval to reimburse the amount of \\u20b925,000 for this purpose.   \\\",\\n      \\\"Attached herewith are the following documents for your reference:  1.\\\",\\n      \\\"The acceptance email from the 27th ICPR conference.  \\\",\\n      \\\"2.\\\",\\n      \\\"The registration fee webpage for the conference.  \\\",\\n      \\\"3.\\\",\\n      \\\"A copy of the notification Ref No: RGIPT-JAIS/R&amp;D/2021 -22/13 regarding reimbursement for international conferences.   \\\",\\n      \\\"I am looking forward to your kind consideration and approval of my request.   \\\",\\n      \\\"Thank you for your continuous support and encouragement.   \\\",\\n      \\\"Yours sincerely,   Pathikreet Chowdhury  21cs2026  Computer Science Department .   \\\"\\n    ],\\n    \\\"keywords\\\": [\\n      \\\"amount\\\",\\n      \\\"I\\\",\\n      \\\"application\\\",\\n      \\\"approval\\\",\\n      \\\"support\\\",\\n      \\\"Department\\\",\\n      \\\"ICPR\\\",\\n      \\\"23rd\\\",\\n      \\\"copy\\\",\\n      \\\"reference\\\",\\n      \\\"\\u20b9\\\",\\n      \\\"your\\\",\\n      \\\"webpage\\\",\\n      \\\"Committee\\\",\\n      \\\"Through\\\",\\n      \\\"Reimbursement\\\",\\n      \\\"presentation\\\",\\n      \\\"DUGC\\\",\\n      \\\"you\\\",\\n      \\\"Fee\\\",\\n      \\\"Conference\\\",\\n      \\\"fee\\\",\\n      \\\"email\\\",\\n      \\\"notification\\\",\\n      \\\"encouragement\\\",\\n      \\\"purpose\\\",\\n      \\\"Institute\\\",\\n      \\\"participation\\\",\\n      \\\"Convener\\\",\\n      \\\"R&amp;D/2021\\\",\\n      \\\"which\\\",\\n      \\\"r&amp;d/2021\\\",\\n      \\\"document\\\",\\n      \\\"paper\\\",\\n      \\\"Recognition\\\",\\n      \\\"consideration\\\",\\n      \\\"conference\\\",\\n      \\\"request\\\",\\n      \\\"Head\\\",\\n      \\\"Technology\\\",\\n      \\\"Sir\\\",\\n      \\\"reimbursement\\\",\\n      \\\"1st\\\",\\n      \\\"week\\\"\\n    ],\\n    \\\"word_count\\\": 268,\\n    \\\"sentence_count\\\": 12\\n  },\\n  \\\"analytics\\\": {\\n    \\\"word_count\\\": 268,\\n    \\\"sentence_count\\\": 12,\\n    \\\"average_sentence_length\\\": 22.33,\\n    \\\"entity_count\\\": 22,\\n    \\\"keyword_count\\\": 44,\\n    \\\"most_common_entities\\\": [\\n      [\\n        \\\"ORG\\\",\\n        6\\n      ],\\n      [\\n        \\\"DATE\\\",\\n        4\\n      ],\\n      [\\n        \\\"ORDINAL\\\",\\n        3\\n      ],\\n      [\\n        \\\"PERSON\\\",\\n        3\\n      ],\\n      [\\n        \\\"CARDINAL\\\",\\n        3\\n      ]\\n    ],\\n    \\\"most_common_words\\\": [\\n      [\\n        \\\"conference\\\",\\n        5\\n      ],\\n      [\\n        \\\"registration\\\",\\n        4\\n      ],\\n      [\\n        \\\"department\\\",\\n        3\\n      ],\\n      [\\n        \\\"reimbursement\\\",\\n        3\\n      ],\\n      [\\n        \\\"fee\\\",\\n        3\\n      ],\\n      [\\n        \\\"icpr\\\",\\n        3\\n      ],\\n      [\\n        \\\"international\\\",\\n        3\\n      ],\\n      [\\n        \\\"research\\\",\\n        2\\n      ],\\n      [\\n        \\\"institute\\\",\\n        2\\n      ],\\n      [\\n        \\\"computer\\\",\\n        2\\n      ]\\n    ]\\n  }\\n}\", \"xml_output\": \"<?xml version=\\\"1.0\\\" ?>\\n<document>\\n  <structured_data>\\n    <entities>\\n      <item>\\n        <text>The Dean, Research &amp;amp; Development</text>\\n        <label>ORG</label>\\n      </item>\\n      <item>\\n        <text>Rajiv Gandhi Institute of Petroleum Technology  </text>\\n        <label>ORG</label>\\n      </item>\\n      <item>\\n        <text>The Head of Department</text>\\n        <label>WORK_OF_ART</label>\\n      </item>\\n      <item>\\n        <text>Convener</text>\\n        <label>ORG</label>\\n      </item>\\n      <item>\\n        <text>Departmental Undergraduate  Committee</text>\\n        <label>ORG</label>\\n      </item>\\n      <item>\\n        <text>Computer Science Department</text>\\n        <label>ORG</label>\\n      </item>\\n      <item>\\n        <text>August 2024</text>\\n        <label>DATE</label>\\n      </item>\\n      <item>\\n        <text>27th</text>\\n        <label>ORDINAL</label>\\n      </item>\\n      <item>\\n        <text>ICPR</text>\\n        <label>ORG</label>\\n      </item>\\n      <item>\\n        <text>December 1st</text>\\n        <label>DATE</label>\\n      </item>\\n      <item>\\n        <text>5th</text>\\n        <label>ORDINAL</label>\\n      </item>\\n      <item>\\n        <text>2024</text>\\n        <label>DATE</label>\\n      </item>\\n      <item>\\n        <text>37,600</text>\\n        <label>MONEY</label>\\n      </item>\\n      <item>\\n        <text>the next week</text>\\n        <label>DATE</label>\\n      </item>\\n      <item>\\n        <text>Ref</text>\\n        <label>PERSON</label>\\n      </item>\\n      <item>\\n        <text>25,000</text>\\n        <label>MONEY</label>\\n      </item>\\n      <item>\\n        <text>1</text>\\n        <label>CARDINAL</label>\\n      </item>\\n      <item>\\n        <text>27th</text>\\n        <label>ORDINAL</label>\\n      </item>\\n      <item>\\n        <text>2</text>\\n        <label>CARDINAL</label>\\n      </item>\\n      <item>\\n        <text>3</text>\\n        <label>CARDINAL</label>\\n      </item>\\n      <item>\\n        <text>Ref</text>\\n        <label>PERSON</label>\\n      </item>\\n      <item>\\n        <text>Pathikreet Chowdhury</text>\\n        <label>PERSON</label>\\n      </item>\\n    </entities>\\n    <sentences>\\n      <item>To The Dean, Research &amp;amp; Development   Rajiv Gandhi Institute of Petroleum Technology  Through:   The Head of Department   The Convener , Departmental Undergraduate  Committee (DUGC)   Computer Science Department  23rd , August 2024   Subject: Application for Reimbursement of Registration Fee for 27th ICPR Conference   Respected Sir,   I am pleased to inform you that my research paper has been accepted for presentation at the 27th International Conference on Pattern Recognition (ICPR).</item>\\n      <item>The conference will be held from December 1st to 5th 2024, and the  student registration fee for participation is \\u20b9 37,600 which needs to be completed by the next week.   </item>\\n      <item>As per the institute's notification Ref No: RGIPT-JAIS/R&amp;amp;D/2021-22/13, which allows reimbursement of registration fees for international conferences, I kindly request your approval to reimburse the amount of \\u20b925,000 for this purpose.   </item>\\n      <item>Attached herewith are the following documents for your reference:  1.</item>\\n      <item>The acceptance email from the 27th ICPR conference.  </item>\\n      <item>2.</item>\\n      <item>The registration fee webpage for the conference.  </item>\\n      <item>3.</item>\\n      <item>A copy of the notification Ref No: RGIPT-JAIS/R&amp;amp;D/2021 -22/13 regarding reimbursement for international conferences.   </item>\\n      <item>I am looking forward to your kind consideration and approval of my request.   </item>\\n      <item>Thank you for your continuous support and encouragement.   </item>\\n      <item>Yours sincerely,   Pathikreet Chowdhury  21cs2026  Computer Science Department .   </item>\\n    </sentences>\\n    <keywords>\\n      <item>amount</item>\\n      <item>I</item>\\n      <item>application</item>\\n      <item>approval</item>\\n      <item>support</item>\\n      <item>Department</item>\\n      <item>ICPR</item>\\n      <item>23rd</item>\\n      <item>copy</item>\\n      <item>reference</item>\\n      <item>\\u20b9</item>\\n      <item>your</item>\\n      <item>webpage</item>\\n      <item>Committee</item>\\n      <item>Through</item>\\n      <item>Reimbursement</item>\\n      <item>presentation</item>\\n      <item>DUGC</item>\\n      <item>you</item>\\n      <item>Fee</item>\\n      <item>Conference</item>\\n      <item>fee</item>\\n      <item>email</item>\\n      <item>notification</item>\\n      <item>encouragement</item>\\n      <item>purpose</item>\\n      <item>Institute</item>\\n      <item>participation</item>\\n      <item>Convener</item>\\n      <item>R&amp;amp;D/2021</item>\\n      <item>which</item>\\n      <item>r&amp;amp;d/2021</item>\\n      <item>document</item>\\n      <item>paper</item>\\n      <item>Recognition</item>\\n      <item>consideration</item>\\n      <item>conference</item>\\n      <item>request</item>\\n      <item>Head</item>\\n      <item>Technology</item>\\n      <item>Sir</item>\\n      <item>reimbursement</item>\\n      <item>1st</item>\\n      <item>week</item>\\n    </keywords>\\n    <word_count>268</word_count>\\n    <sentence_count>12</sentence_count>\\n  </structured_data>\\n  <analytics>\\n    <word_count>268</word_count>\\n    <sentence_count>12</sentence_count>\\n    <average_sentence_length>22.33</average_sentence_length>\\n    <entity_count>22</entity_count>\\n    <keyword_count>44</keyword_count>\\n    <most_common_entities>\\n      <item>\\n        <name>ORG</name>\\n        <value>6</value>\\n      </item>\\n      <item>\\n        <name>DATE</name>\\n        <value>4</value>\\n      </item>\\n      <item>\\n        <name>ORDINAL</name>\\n        <value>3</value>\\n      </item>\\n      <item>\\n        <name>PERSON</name>\\n        <value>3</value>\\n      </item>\\n      <item>\\n        <name>CARDINAL</name>\\n        <value>3</value>\\n      </item>\\n    </most_common_entities>\\n    <most_common_words>\\n      <item>\\n        <name>conference</name>\\n        <value>5</value>\\n      </item>\\n      <item>\\n        <name>registration</name>\\n        <value>4</value>\\n      </item>\\n      <item>\\n        <name>department</name>\\n        <value>3</value>\\n      </item>\\n      <item>\\n        <name>reimbursement</name>\\n        <value>3</value>\\n      </item>\\n      <item>\\n        <name>fee</name>\\n        <value>3</value>\\n      </item>\\n      <item>\\n        <name>icpr</name>\\n        <value>3</value>\\n      </item>\\n      <item>\\n        <name>international</name>\\n        <value>3</value>\\n      </item>\\n      <item>\\n        <name>research</name>\\n        <value>2</value>\\n      </item>\\n      <item>\\n        <name>institute</name>\\n        <value>2</value>\\n      </item>\\n      <item>\\n        <name>computer</name>\\n        <value>2</value>\\n      </item>\\n    </most_common_words>\\n  </analytics>\\n</document>\\n\", \"extracted_text\": \"To \\nThe Dean, Research & Development   \\nRajiv Gandhi Institute of Petroleum Technology  \\nThrough:   \\nThe Head of Department   \\nThe Convener , Departmental Undergraduate  Committee (DUGC)   \\nComputer Science Department  \\n23rd , August 2024  \\n \\nSubject: Application for Reimbursement of Registration Fee for 27th ICPR Conference  \\n \\nRespected Sir,  \\n \\nI am pleased to inform you that my research paper has been accepted for presentation at the 27th \\nInternational Conference on Pattern Recognition (ICPR). The conference will be held from December 1st to 5th \\n2024, and the  student registration fee for participation is \\u20b9 37,600 which needs to be completed by the next \\nweek.  \\n \\nAs per the institute's notification Ref No: RGIPT-JAIS/R&D/2021-22/13, which allows reimbursement of \\nregistration fees for international conferences, I kindly request your approval to reimburse the amount of \\n\\u20b925,000 for this purpose.  \\n \\nAttached herewith are the following documents for your reference:  \\n1. The acceptance email from the 27th ICPR conference.  \\n2. The registration fee webpage for the conference.  \\n3. A copy of the notification Ref No: RGIPT-JAIS/R&D/2021 -22/13 regarding reimbursement for international \\nconferences.  \\n \\nI am looking forward to your kind consideration and approval of my request.  \\n \\nThank you for your continuous support and encouragement.   \\nYours sincerely,   \\nPathikreet Chowdhury  \\n21cs2026  \\nComputer Science Department .  \\n \"}"
}